,Means for x (mT),Means for y (mT),Means for z (mT),Means for abs (µT)
No Coil,0.03768935285428571,-0.053875329154285716,-0.06343767220785713,0.09136912855928571
Coil A,0.10167511859285716,-0.017696300507857143,-0.13768227277142858,0.17207396878571427
Coil B,-0.17253297206428572,0.49611464581428566,-0.13760954175714285,0.5429830070857143
Coil C,0.10871240670714284,-0.09895058768,-0.1391453050857143,0.20242274822857143
Coil D,-0.25115812300833334,-0.6878780263333333,-0.03494315973916667,0.7331223915333334
